tamanho,otimizacao,blocos,normal,speedup_blocos
128,O0,3.604938125,4.04532725,1.122162741697543
128,O2,0.682766125,1.22590775,1.7955017173706442
128,O3,0.598446625,1.070481625,1.7887670851180755
256,O0,27.078697,31.14757725,1.1502613013469594
256,O2,5.6230305000000005,8.5805155,1.5259592669824573
256,O3,5.276256875,8.578160875,1.625804254460223
512,O0,219.075284,320.846214375,1.4645477505121023
512,O2,59.357989625,271.513720625,4.574173120422624
512,O3,54.89674025,273.42391775,4.980694964852671
